,Comment
0,"pensar tweets legais facil"
1,"ganhar linda"
2,"tweets coisas"
3,"trancar tweets quero ver trancar"
4,"olha tweets"
5,"tweets dia"
6,"tweets"
7,"quanto tweets seguidores nova"
8,"tweets"
9,"tweets pessoas sao"
10,"meninas sala tweets lindas"
11,"ajudar amiga entrar gente manda muitos tweets dai chance"
12,"acho boa tweets menos semanas"
13,"bem novos followers"
14,"ainda bem ia colocar followers"
15,"perdi followers desde seguir volta twitter deixa passar bem"
16,"poucos tweets anos twitter poucos menos fc"
17,"following putaria qualquer jesus"
18,"assistir following tudo ser"
19,"following"
20,"ver following"
21,"hoje assistir following tao dormir"
22,"unfollow outros followers following"
23,"ruim ficar conversando indiretas tweets"
24,"pouco colocar tag todos tweets la justin"
25,"daqui pouco chego tweets"
26,"pouco lendo tweets novela"
27,"tweets assim fica pouco merda"
28,"hora tweets ainda pouco pode meio tirar"
29,"tweets pouco"
30,"tweets pouco"
31,"falta pouco mil tweets"
32,"sim tweets percebi aguenta ontem ai agora pouco responder"
33,"twitter fazer mil tweets ta falo pouco"
34,"real quero logo tweets pouco"
35,"real quero logo tweets pouco"
36,"sigam tweets ver parece estar pouco"
37,"sigam tweets ver parece estar pouco"
38,"daqui pouco chego tweets ai"
39,"daqui pouco tweets ser tudo amo odeio gosto site"
40,"quase tweets falta pouco"
41,"mano ta tweets assim daqui pouco ta poder postar aqui"
42,"agora pouco tava tweets agora hein vida"
43,"lendo tweets pouco merda"
44,"tweets falo pouco"
45,"quase tweets pouco"
46,"falta pouco mil tweets"
47,"mandando tweets justin pouco errado amo kkk"
48,"pouco tweets"
49,"gente ta aqui anos mil tweets aqui ano pouco mil"
50,"pouco saco ler tweets"
51,"cara ainda mil tweets pouco outro twitter"
52,"fiz tweets antes dormir sobre pouco ta bem"
53,"quase mil tweets daqui pouco rsrs"
54,"tweets pouco"
55,"olha daqui pouco tweets pouco ta bom"
56,"daqui pouco tweets"
57,"daqui pouco tweets dia"
58,"falo pouco gente tweets"
59,"tweets dia fc falo pouco"
60,"mil tweets pouco cara"
61,"ontem noite fiquei tweets duas vezes segunda falei pouco pouco tempo acho twitter"
62,"deus tweets pouco horas"
63,"mil tweets daqui pouco"
64,"poucos usar twitter pouco tweets"
65,"vontade tweets todo mundo acho pouco acho"
66,"gente tweets hoje hoje kkkkkkkkk"
67,"tweets assim chato quase toda"
68,"percebi tweets algo"
69,"dando falar cara tweets fazem todo"
70,"posto pouco aqui tweets"
71,"tweets obrigada ajudar kkk"
72,"tweets legais kkkkk"
73,"rindo sobre tweets"
74,"rindo sobre tweets"
75,"vida ficar lendo todos tweets"
76,"sempre fazer sai excluindo tudo excluindo tweets porque cheguei"
77,"acho fica lendo tweets antigos"
78,"sempre fazer sai excluindo tudo excluindo tweets porque cheguei"
79,"excluindo tweets porque cheguei"
80,"querendo saber tweets mesma mim"
81,"lendo tweets achando demais pode ser"
82,"ver tweets"
83,"tweets"
84,"momento algum falei queria ver tweets apenas"
85,"ver tweets fala tempo falo kkkkk"
86,"achando tweets"
87,"igual tweets cada cada tudo acho talvez"
88,"rindo tweets tao novo"
89,"poder tweets pena povo usar"
90,"mundo ficar tweets pa sempre"
91,"ler tweets assim chato tweetar assim bom hehehehe hehehehe hehehehe hehehehe hehehehe"
92,"bem perto followers"
93,"ter bem twitter followers"
94,"ver bem antes"
95,"followers ser assim bem kkkkkkk bom dia"
96,"bem novos followers aqui todos"
97,"followers and bem podia ser assim"
98,"ter bem twitter followers"
99,"obrigada sempre aqui obrigada bem obrigada followers mundo"
100,"followers novos"
101,"todos followers bem amo"
102,"todos followers bem muitos outros famoso"
103,"follow consegue followers consegue bem"
104,"tudo bem vezes followers sempre dou"
105,"follow consegue followers consegue bem"
106,"alguns dias entrar entro vejo novos followers bemvindos"
107,"sempre bem vindo twitter"
108,"bemvindos followers"
109,"bem followers comigo"
110,"dias followers bem dias ter olha"
111,"reclamar ta fazer ter boa quer"
112,"twitter jogo"
113,"boa noite uso twitter apenas tirar facil face ok quiser po"
114,"menina anos postando twitter tudo tipo"
115,"olhar cara xingar twitter acha"
116,"vida imagina twitter"
117,"bom twitter aqui boa noite pessoas"
118,"bom ver faz twitter nessa noite"
119,"bem"
120,"bem boa noite twitter"
121,"twitter dormir bem"
122,"sobre mim nada bem twitter"
123,"bem twitter hein"
124,"ainda bem fiquei bem twitter"
125,"dizer bem falta tempo ficar aqui twitter"
126,"bem twitter"
127,"responder bem aqui twitter"
128,"tudo bem ficar pronto twitter ver reclamando vida toda hora"
129,"hoje sabe fica achei bemvindos twitter"
130,"bom dia"
131,"boa sai twitter"
132,"fica falando mal outros twitter ter fazer"
133,"algo twitter mal"
134,"dias mal entrando twitter acho meio"
135,"twitter falo mal quiser"
136,"following vida ta tudo bem sim"
137,"dia bem hoje agora assistir following"
138,"apenas queria apenas following bem"
139,"apenas queria apenas following bem"
140,"ainda bem hoje poder following"
141,"bom ganhar seguidores twitter"
142,"acho hora twitter faz bom tempo"
143,"pode estar bom"
144,"bom dia ficar twitter dia todo"
145,"bom dia galera"
146,"twitter tudo d bom uu"
147,"twitter bom tarde"
148,"bom dia todos twitter"
149,"bom dia twitter"
150,"bom twitter"
151,"twitter todos curso tempo bom estar pessoa"
152,"bom dia bom dia bom dia hoje feliz bom twitter uu"
153,"bom dia dia todos twitter"
154,"bom dia twitter"
155,"bom dia twitter sumido aqui claro continuo idiota"
156,"bom dia"
157,"bom dia twitter"
158,"bom dia agora vim ver ontem twitter kkkk"
159,"bom ganhar seguidores twitter"
160,"bom dia pessoal volta twitter"
161,"lendo regras bom twitter"
162,"bom amigos face segui aqui twitter seguindo aq twitter tempo"
163,"bom terminar twitter"
164,"dar bom dia facil twitter alguem responder"
165,"bom dia twitter haha"
166,"twitter bom dia"
167,"bom dia twitter"
168,"bom dia twitter sumido aqui claro continuo idiota"
169,"bom dia tempo todo"
170,"bom dia twitter sumido aqui claro continuo idiota"
171,"bom povo"
172,"bom ganhar seguidores twitter"
173,"bom dia bem dias entrando twitter celular ruim"
174,"bom dia twitter"
175,"novo twitter frases bom dia"
176,"bom ver coisas d face ver d tds saco vida d outros"
177,"foda quer postar toda twitter ficar bom gosto"
178,"bom dia pessoa legal twitter"
179,"bom dia galera twitter"
180,"bom twitter deixa tweets outro"
181,"bom twitter deixa tweets outro"
182,"bom dia twitter"
183,"bom dia twitter"
184,"bom dia twitter"
185,"bom dia twitter"
186,"bom dia twitter entender"
187,"bom dia twitter bom dia"
188,"bom dia povo lindo twitter"
189,"bom dia pessoal twitter"
190,"bom dia twitter"
191,"bom dia pessoas lindas desse twitter"
192,"bom dia aqui conhecer agora"
193,"bom dia"
194,"bom entrar aqui ver novos amigos seguindo obrigado bemvindos bom dia"
195,"bom twitter volta"
196,"bom dia twitter tudo bem"
197,"bom dia"
198,"bom twitter"
199,"bom"
200,"twitter parar dar bom dia postar foto quer"
201,"gente volta aqui twitter bom dia todos"
202,"galera dia"
203,"ta bom hahaha"
204,"bom dia galera twitter"
205,"bom dia twitter tds dia"
206,"bom dia galera aqui deixar grande todos dia"
207,"bom dia twitter"
208,"bom twitter"
209,"sai twitter ver bom dia"
210,"bom dia d"
211,"mundo twitter bom"
212,"bom dia todos twitter"
213,"pessoal bom dia todos twitter"
214,"pai perguntando twitter bom facil fazer pai twitter saco"
215,"nada bom twitter agora"
216,"bom galera twitter"
217,"bom passar noite lado gente ama"
218,"bom dia segui twitter rsrs"
219,"twitter haha of bom"
220,"bom dia ler parece twitter"
221,"bom dia pessoas saudade twitter ser aqui deus"
222,"bom dia twitter"
223,"sala bom dia twitter"
224,"bom and"
225,"bom tweets sobre ta lindo demais twitter"
226,"bom dia povo twitter"
227,"bom dia twitter"
228,"bom dia twitter bom dia"
229,"bom dia galera twitter face porra toda"
230,"bom dia gente linda twitter dia talvez seguir sigo tds"
231,"bom twitter"
232,"bom dia twitter curso pai"
233,"bom dia tds twitter quero amor bom vida"
234,"bom dia estudar twitter menina haha"
235,"fico bom tempo entrar nesse twitter ee interessante"
236,"bom dia mundo"
237,"antes dizer bom dia etc twitter etc aqui"
238,"bom dia site twitter dois rua ok"
239,"bom dia twitter logo cara sim fiquei"
240,"bom dia twitter"
241,"bom dia todos twitter rsrs"
242,"tao bom ver twitter uu"
243,"bom dia twitter volta"
244,"twitter bom dia preparando"
245,"bom dia twitter"
246,"bom dia twitter"
247,"adoro pai acorda mal bom dia twitter"
248,"bom falar quiser twitter"
249,"bom responder ask queria saber ask ask twitter"
250,"ta bom fazer outro twitter"
251,"bom dia chegou agora twitter"
252,"fazer nada bom usar twitter alguem"
253,"acho sair twitter bom kkkk"
254,"manda bom jardim favor twitter"
255,"ai bom pouco aqui twitter"
256,"menina seguir volta tweets sao olha bem cara"
257,"pensar duas vezes antes meter tweets bem ok ok"
258,"pensar tweets legais facil"
259,"rindo tweets sobre"
260,"nada mal tempo todo fazer tweets"
261,"todo menos tweets y antes"
262,"ser aparecer aqui vez mandar dois tweets pronto"
263,"facil cara kkkkkkkkk mandei tweets"
264,"claro ir perfil fb ask tweets acha assim"
265,"ter tweets"
266,"tweets antigos min"
267,"tweets"
268,"tweets antigos min"
269,"dia dias pena tweets"
270,"olha tweets"
271,"kkk tweets mina nada dizer sinto fala"
272,"amo tweets sonho acho"
273,"sim li tweets"
274,"ter xd claro pronto assim tweets"
275,"tweets falo caralho"
276,"tweets dia"
277,"quero responder tweets conversar fb nada"
278,"tweets"
279,"tweets existe"
280,"mil tweets cada vez acho falo demais"
281,"tweets fc grande pode tweetar tweetar mil"
282,"mim estar assim agora ter tweets"
283,"tweets minutos ama"
284,"mil tweets fico twitter"
285,"twitter colocar tweets tipo posta aguenta"
286,"cheguei mil tweets"
287,"cheguei momento aguento ler tweets falando merda tanta cara"
288,"porque menos mil tweets mil seguidores segue"
289,"tweets"
290,"meninas sala tweets lindas"
291,"ter tweets kkkkkk"
292,"tweets pessoas sao"
293,"meninas sala tweets lindas"
294,"ajudar amiga entrar gente manda muitos tweets dai chance"
295,"tweets pegar"
296,"tweets seguidores"
297,"tweets"
298,"hahaha tweets haha"
299,"dois tweets"
300,"tweets"
301,"sono fazendo sentido tweets"
302,"sei ia achar tweets porque conversa"
303,"tweets menos"
304,"amiga respondeu tweets"
305,"tweets"
306,"sei dia tweets saber"
307,"la je tweets"
308,"claro rapaz pena ver muitos tweets"
309,"tweets nunca aqui assim"
310,"vendo antigos tweets saudades"
311,"tipo pessoa tweets menos seguidores rs"
312,"iphone tweets hoje dia"
313,"ia sair quase mil tweets"
314,"reclamar tweets unfollow logo aguento"
315,"tweets kkk"
316,"tweets motivos porque dedicar"
317,"mandei tweets kkk"
318,"tweets linda cara"
319,"tweets motivos porque dedicar"
320,"tweets demais"
321,"momento tweets tarde motivos"
322,"tweets je"
323,"tweets pessoa fala deve comer"
324,"quase tweets causa dessa modinha"
325,"tweets je"
326,"acho pessoas seguidores tweets"
327,"tweets"
328,"acho pessoas seguidores tweets"
329,"mil tweets dedicar pessoa linda"
330,"viu tweets desculpa"
331,"ta ficar achar tweets lugar outros"
332,"entro twitter tweets mundo ok"
333,"cheguei mil tweets falta"
334,"falar coisas fiz tweets"
335,"justin tweets ai deus outro"
336,"conta tweets hoje acho"
337,"gente tweets sao"
338,"tweets uu nesse twitter outro alguns kkk"
339,"queria chegar tweets menos"
340,"tweets"
341,"agora tweets"
342,"je tweets la"
343,"sempre vejo tweets deve ser daquelas pessoas falando sozinha vida real"
344,"rs tweets"
345,"tweets tudo ia ser chato chato"
346,"rs rir tweets"
347,"menos tweets legal"
348,"alguem fc muitos tweets fc mim tipo seguidores"
349,"bom assim ver tweets"
350,"muitos tweets ser apenas fodase"
351,"dar tweets tipo vi tt nada responder"
352,"amo"
353,"tweets"
354,"ir estudar tweets fazer vida"
355,"menos dia chego tweets"
356,"logo menos tomar tweets desde sempre"
357,"menos tweetar assim pessoas querer ver tweets"
358,"cara tava bem tweets nome disso"
359,"seguindo achei tweets bem interessante"
360,"ter fc tipo tweets bem ainda ser social"
361,"ter fc tipo tweets bem ainda ser social"
362,"todos tweets gente bem melhor fica"
363,"todos tweets gente bem melhor fica"
364,"diz anda bem tweets todos"
365,"diz anda bem tweets todos"
366,"chato falar gente tweets sai bem tempo"
367,"sim sei bem acho percebi sentido tweets"
368,"tweets aqui claro mandei bem uu"
369,"bem tweets dar todos"
370,"bem tweets dar todos"
371,"quer sentir bem tweets pessoas segue ai vida kkkk"
372,"fico dias ler tweets tempo tudo bem pena"
373,"segui cara bem entendo tweets todos"
374,"segui cara bem entendo tweets todos"
375,"bem queria ficar aqui noite toda escrever tweets sentir"
376,"amor viu tweets veio pergunta tava bem"
377,"amor viu tweets veio pergunta tava bem"
378,"rir tweets sao bem"
379,"v bem coisa gente anda tweets escrever"
380,"fico sempre hora tweets hoje tipo minutos tanto ainda bem"
381,"parece tempo fiquei of bem tweets hein"
382,"boa noite algum bem mim chegar tweets coisas ser rs"
383,"bem vindo mil tweets"
384,"porque cada tweets rs"
385,"podia ter dia oficial fandom tipo vontade tweets bem"
386,"vi tweets outro tt bem"
387,"achei motivos bem ficar olhando tweets"
388,"tweets bem bem twitter"
389,"bem podia dedicar horas tweets mim rs"
390,"gosto ficar vendo tweets faz bem"
391,"tava chego casa dou cara tweets saber fazem bem"
392,"medo tweets bem uu"
393,"claro tweets frases bem"
394,"tudo bem vi tweets sobre"
395,"claro tweets frases bem"
396,"ta bem vi tweets fiquei super mal ti"
397,"tweets vezes tudo bem"
398,"sempre ter tudo bem tweets rs ainda prefiro tudo bem"
399,"bem vendo tweets tipo mim"
400,"ainda bem tweets"
401,"mandando tweets seguir ta seguindo ainda bem"
402,"olha queria c acho viu tweets aqui bem claro"
403,"olha queria c acho viu tweets aqui bem claro"
404,"bem claro fc mexer ficar tweets desde"
405,"tweets uu bem"
406,"achando bem interessante tweets"
407,"ai acabar bem podia dar tweets"
408,"tweets ver tava bem mal percebi"
409,"lendo tweets ver bem"
410,"bate bem bate qualquer forma sigam tweets internet"
411,"bate bem bate qualquer forma sigam tweets internet"
412,"tweets bem"
413,"bate bem bate qualquer forma sigam tweets internet"
414,"cheguei tweets bem sabia"
415,"gosto seguir tweets bem"
416,"gosto seguir tweets bem"
417,"veio falar comigo tweets falo oi tudo bem"
418,"bem tweets chegar hora ir dormir"
419,"li dois tweets sao bem vida sabe"
420,"tava aqui fiquei meio tweets anos jesus ainda bem"
421,"tweets bem quanto twitter"
422,"tweets bem legais"
423,"tweets bem unfollow coisas tipo"
424,"alguns tweets dessa hashtag sao bem verdade"
425,"mano viu kkkkkk ainda bem vi tweets"
426,"tweets outros tudo bem rs"
427,"tweets bem"
428,"tweets fica bem"
429,"maioria tweets haha bem assim"
430,"bem tweets falando ok passa tempo kkk"
431,"bem mil tweets enquanto todos"
432,"fiz apenas tweets bem"
433,"claro acho casa ainda olha tweets desse sabem tudo acontece bem antes"
434,"li bem novos tweets"
435,"vi tweets ainda bem"
436,"vi tweets ainda bem"
437,"bem disse ontem tweets galera sabia bbb iria causa"
438,"ler tweets faz tao abro nada"
439,"tweets bem"
440,"bem sinto tweets bom"
441,"bem sinto tweets bom"
442,"bem terminar tweets claro ia ter"
443,"bem ter tweets"
444,"acho pessoal tipo fica olhando tweets reclamando legal ganhar bem"
445,"vezes penso tweets bem medo realmente"
446,"tao sozinha ainda bem existe tweets"
447,"amigos uso twitter reclamar vida internet conta"
448,"gente twitter amor pode fazer duas pessoas"
449,"dai fico cara venho twitter falar merda tudo xd"
450,"amigos twitter amigos toda la vida"
451,"amigos uso twitter reclamar vida internet conta"
452,"sempre"
453,"amigos uso twitter reclamar vida internet conta"
454,"ainda ta seguindo segue tweets cara seguir"
455,"ainda ta seguindo segue tweets cara seguir"
456,"tweets ai fala"
457,"dando tweets mim segue sigo todos volta"
458,"tweets fodase fodase fodase fodase boa fodase fodase"
459,"fazem tweets ser"
460,"tweets foda"
461,"followers followers"
462,"twitter assim algum mim forma mil vezes"
463,"twitter diz mundo"
464,"twitter"
465,"sim alguem foto viu gente twitter bem foto outros kkkk"
466,"fala respeito meio"
467,"show tempo"
468,"pega fogo face pega fogo twitter ask ta amor amor todo mundo falando namoro"
469,"twitter oficial kkkkk"
470,"vendo twitter agora toda fiquei feliz venham kkkk obrigado"
471,"hahaha tipo segue twitter ai normal posta foto video"
472,"twitter super continuo"
473,"legais fazendo"
474,"obrigada seguir twitter"
475,"twitter ta"
476,"agora fotos"
477,"bom"
478,"deus"
479,"favor importante"
480,"favor importante"
481,"imagina alguem twitter pessoa"
482,"imagina alguem twitter pessoa"
483,"twitter olha fala"
484,"bom"
485,"twitter rapaz disso"
486,"preciso fala importante"
487,"dia usando hashtag twitter"
488,"agora bom twitter"
489,"sumido twitter volta jesus"
490,"dia usando hashtag twitter"
491,"agora twitter"
492,"twitter bom pena posso perfil"
493,"oi desculpa incomodo pode dar aqui importante msm ingnora favor"
494,"twitter"
495,"nova modinha twitter legal"
496,"twitter moral ee"
497,"oi desculpa incomodo pode dar aqui importante msm ingnora favor"
498,"queria falar aq twitter cara ai gente"
499,"oi desculpa incomodo pode dar aqui importante msm ingnora favor"
500,"oi desculpa incomodo pode dar aqui importante msm ingnora favor"
501,"twitter ta"
502,"oi desculpa incomodo pode dar aqui importante msm ingnora favor"
503,"oi desculpa incomodo pode dar aqui importante msm ingnora favor"
504,"diz twitter"
505,"nova modinha twitter legal"
506,"porque achei lindo twitter facebook"
507,"t conversa"
508,"twitter estudar ver passa"
509,"pouco twitter"
510,"entro twitter amor ver alguma coisa pergunta diz"
511,"verdade tentar fazer feliz twitter"
512,"twitter idiota agora ter"
513,"esqueci twitter fazer"
514,"seguindo seguindo twitter pessoal segue dois mim favor"
515,"twitter moral ee"
516,"boa noite tempo entrar twitter"
517,"twitter pouco tempo antes poucos"
518,"bem kkkk"
519,"twitter bem interessante ee"
520,"entrando bem menos twitter vida"
521,"sigo sigo todos menos sei nome gente achar twitter agr"
522,"twitter lugar onde pessoas amor menos conhecer"
523,"antes d ti pedir menos twitter"
524,"menos twitter explicar novela tempo fazer novela melhor ia ser bom talvez"
525,"cara menos fico twitter"
526,"tag twitter hoje menos"
527,"homem menos twitter"
528,"mil followers facil"
529,"bom"
530,"legal justin"
531,"vida followers colega sala"
532,"fc followers aqui pessoas unfollow follow"
533,"facil y falta ver followers xd"
534,"followers facil y"
535,"semanas followers facil"
536,"vezes gosto psicologicamente vez venho"
537,"galera vir twitter falar bosta jesus"
538,"entender facebook twitter ter mil youtube"
539,"sim sei todos fico indignada amigos amo virem aqui t"
540,"galera vir twitter falar fica todas redes sociais coisas"
541,"dar tarde coreia ai ver"
542,"pior coisa pessoa terminar vir twitter falar mal"
543,"vontade apagar twitter apagar facebook apagar whatsapp apagar desse mundo"
544,"porque frases insta stories tipo venham twitter fazer"
545,"gosta fazer horas twitter ver coisas"
546,"pessoa oq momento vir aq tw"
547,"twitter falar porque usando errado"
548,"hoje falar ver reclamar twitter ver dormir"
549,"twitter achar haha"
550,"vamo fazer amor deus"
551,"caralho foto twitter"
552,"amo pessoal twitter ter quase"
553,"venho twitter falar merda fazer merda"
554,"gente aqui twitter ver tds seguidores sabem melhor amiga pronto"
555,"ser"
556,"motivo real twitter ter tanta gente aqui facebook ta"
557,"todo mundo twitter falar queria"
558,"ontem assistir vim twitter saber sobre agora fez anos"
559,"mesma acontece alguma venho twitter fazer"
560,"virem twitter falar errado ver"
561,"existe mto twitter falar"
562,"anda fala twitter querer demais acha"
563,"twitter sei oq mim conversar ai venho twitter falar sozinha"
564,"acordei vim twitter ver sonho"
565,"faz conta twitter ficar favor"
566,"existe coisa twitter ter conta ficar mandando qualquer"
567,"twitter seguir pessoas"
568,"seguir gente twitter ficar nada morto"
569,"gente falar vida gente fala twitter fazer"
570,"assistir parar entrar twitter ficar"
571,"venho twitter fazer drama antes ai dar agora aqui"
572,"motivo twitter fazer falar merda pessoas vida real dando"
573,"abrir twitter ver fechar twitter abrir instagram ai vejo stories c"
574,"galera twitter seguir amiga chegar seguidores"
575,"fico twitter fazer"
576,"falando demais twitter sei twitter falar falando demais parar"
577,"explicar twitter falar sobre oque gosto conversar amigos divulgar"
578,"coisa nada fazer onde twitter falar sozinha"
579,"regras fazer oque quiser parar d vida alheia"
580,"sair twitter entrar jogar"
581,"gente mal acorda twitter falar bosta"
582,"ajudar sei usar ent venho twitter ver"
583,"ajudar sei usar ent venho twitter ver queria saber c"
584,"pessoal twitter ter reclamar"
585,"cria amor vir twitter falar mal"
586,"estar insta twitter ver youtube etc"
587,"galera canal youtube talvez aqui twitter fazer"
588,"twitter falar mano iphone"
589,"menos twitter mudar"
590,"real oficial lugar corro twitter falar mal coisa"
591,"sempre twitter ver pessoa reclamando vida agora venho twitter reclamar vida"
592,"vim twitter ver fiquei feliz sozinha merda"
593,"vida ta resumida comer mexer wpp mexer twitter amar comer dormir"
594,"twitter fazer ser"
595,"preciso tomar vergonha cara twitter ter mexer"
596,"nesse twitter falar melhor demais"
597,"menina postando foto"
598,"twitter ficar ai volta fodase fica"
599,"twitter dps anos entrar twitter twitter dps anos"
600,"casa legal vir twitter dar"
601,"hoje dias nada fazer vem twitter falar sozinha"
602,"vida abrir twitter ver minutos fechar dormir"
603,"pessoal algum vem aqui twitter ver"
604,"ler excluir gente face ler pouco vir twitter dar olhada instagram twitter"
605,"fazer nesse vem twitter querer falar alguma coisa kkkkkkk"
606,"algum dia twitter deixar fazer rir"
607,"grande twitter deixar tweets"
608,"ano vim twitter ver vi"
609,"veio twitter falar mal camila veio lugar errado"
610,"galera bem gosto disso vem twitter falar mal"
611,"pessoa vem twitter falar olha"
612,"vezes sinto falta quanto ficar aqui twitter falar todos amigos daqui etc tempo passou tanta coisa"
613,"dizer todos aqui twitter ver"
614,"pictwitter"
615,"pictwitter"
616,"twitter falar sozinha"
617,"gente querendo nesse twitter dar"
618,"comer twitter celular comer celular fazer twitter ficar casa twitter"
619,"bom dia tt viu tudo fazer"
620,"ir twitter falar sobre"
621,"nada normal twitter ficar vezes bem dar"
622,"falei twitter fazer alguma c"
623,"sei twitter ver fazer algo"
624,"preciso tempo twitter fazer"
625,"nada fazer vida venho twitter falar sozinha faz"
626,"deus twitter existir reclamando vida"
627,"acontece twitter ficar twitter"
628,"ai vem twitter falar viu gente"
629,"pior ser twitter fazer"
630,"dou boa noite pessoas venho twitter fazer pouco nada dormir"
631,"fica madrugada twitter deve mto claro entrar twitter sair twitter"
632,"acho twitter ter twitter"
633,"deixa ir twitter falar fazendo"
634,"dia twitter ficar igual rede social gente iria t"
635,"pessoa consigo comigo forma falar algo sobre"
636,"amiga cheguei casa twitter ver postou foto"
637,"vim twitter fazer todas fazer aqui c"
638,"sabe falo fala falo venho twitter falar sozinha"
639,"pensando ir twitter ver queria fazer"
640,"sempre mesma coisa venho aqui twitter falar sobre vida"
641,"ter vindo twitter ver"
642,"sinto vergonha pessoal twitter ver oq vendo imagina"
643,"sonho qualquer pessoa ter tweet famoso"
644,"segunda vez vem twitter usar"
645,"frases demais twitter deixar"
646,"fez criar twitter fazer conhecer conhecer triste"
647,"falei amo twitter falar besteira ler besteira rir"
648,"saudades twitter ficar internet"
649,"ta entrar twitter sair twitter entrar instagram sair instagram entrar snap sair snap assim"
650,"nunca esquecer melhor amiga disse merda respondeu"
651,"falando mal"
652,"bem vejo jogo celular todo venho twitter v"
653,"twitter ter esquecer"
654,"final"
655,"final"
656,"kkkkk ser cara vir twitter dar kkkk"
657,"mim twitter seguir pessoas"
658,"vim twitter ver legais vi porra hein"
659,"tava agora tipo vendo sabe dai falei v"
660,"vir twitter falar piada"
661,"todo tempo twitter ver gente falando vontade votar mau"
662,"achei ontem vem twitter falar merda gente povo faz tudo"
663,"tipo twitter dar toda"
664,"acho piada grande pessoal aqui twitter achar"
665,"ia vir twitter querer aparecer"
666,"lembro nessa hashtag twitter dar"
667,"olha twitter ver mina segue seguidores mil"
668,"twitter deixar ser fazer"
669,"linda twitter entrar perfil deixa pessoas adoro"
670,"hoje bom dia vir twitter ver"
671,"twitter ver"
672,"abrir entrar abro nada novo"
673,"dessa foto twitter ter"
674,"vim twitter ver memes vi sono"
675,"todo mundo tomar vir twitter falar merda"
676,"sobre twitter ter"
677,"desde fiz melhor nesse twitter coisas deixa"
678,"caralho veio twitter falar mal of veio lugar errado sai"
679,"abrir todas redes sociais tentar dormir abrir twitter perder sono reclamar t"
680,"acho perdi aq twitter fazer oq"
681,"sigo desde discurso sobre twitter ter muitos daqui tempo site"
682,"acorda vim twitter fazer vamo ver onde chegar"
683,"chegou hora vem twitter ver tudo"
684,"aguardando alguns twitter fazer maior drama ficar aqui rindo"
685,"ai venho twitter falar tudo nada msm tempo"
686,"twitter ficar"
687,"boa aqui twitter fazer sobre site pegar t"
688,"galera sabe twitter fazer facebook nada"
689,"link aguento ficar twitter falar"
690,"vez vi falando sobre nada assim sei"
691,"outra coisa twitter po"
692,"caralho pode ver gente achando algo faz mal vem twitter ficar"
693,"imagina fazer merda vir twitter fazer chamar pessoas amor"
694,"queria ser povo consegue entrar twitter fazer amigos ficar perguntando bem"
695,"pessoas dando cara vindo twitter falar sobre"
696,"vir twitter fazer sobre"
697,"nada vida ser twitter comer dormir twitter comer fazer dormir t"
698,"fico triste feliz vem twitter falar"
699,"mano boa fez twitter ficar causa"
700,"povo menos video ver realmente disse twitter falar besteira"
701,"twitter oficial falta twitter dar"
702,"twitter ficar rsrs"
703,"quero deixa pouco vem twitter"
704,"nunca militante perfil twitter ficar"
705,"causa twitter existir"
706,"amar estar vir twitter ficar saco"
707,"faz pessoa errado twitter fala"
708,"apagar twitter dar"
709,"fechar vi militante"
710,"vez anos comer meme sim pa"
711,"pessoas vergonha falando rua ver vem twitter falar"
712,"vem vir twitter falar pessoal"
713,"nunca sei twitter ficar"
714,"nesse ano fazer ano vem"
715,"tbm acho"
716,"vim aqui twitter ver tava"
717,"gente vem aqui twitter falar bosta sigo rir vergonha alheia pessoa passa"
718,"mano deve ser saco fazendo show entrar twitter ter cara"
719,"agora vim twitter ficar perto bb amo"
720,"quero ver todo mundo vindo twitter falar mal"
721,"monte anos motivo twitter existir agora melhor lugar reclamar vida"
722,"pessoal twitter fazer"
723,"vem twitter falar merda nome povo"
724,"tempo vir aqui twitter dar dias preciso"
725,"twitter dar tipo"
726,"instagram diz falta twitter querer"
727,"estar vontade vir twitter ver"
728,"y pictwitter"
729,"y pictwitter"
730,"ter conta twitter"
731,"saudade dessa vinha twitter dar kkkkkk faz"
732,"falando oque twitter ver pode kkkk"
733,"favor twitter ficar"
734,"fazer twitter seguir"
735,"mandei vir logo saiu twitter ter moral outra"
736,"veio aqui twitter falar"
737,"vir aq twitter falar merda"
738,"nada dormir olhar twitter falar merda"
739,"sair twitter fazer outra coisa dormir sabe ficar"
740,"sim realmente desse twitter apagar volta nova"
741,"passa vem twitter falar amar"
742,"venho twitter falar posso falo gente feliz"
743,"dia ser feliz postar feliz instagram falar twitter"
744,"vim twitter saber sabe onde"
745,"twitter ficar mandando indiretas face ser ama"
746,"ai deus agora reclamar twitter fazer oque bb"
747,"vim twitter falar fez"
748,"consigo dar unfollow todo mundo fala bbb kkkkkk fico twitter fazer"
749,"acho mandar adoro vir aqui nesse twitter fazer"
750,"tomar abrir fazer nova twitter usar uu"
751,"twitter ver dps logo estudar tarde t"
752,"mano vem twitter dar"
753,"pior anos reclamando falo"
754,"gente twitter entrar pegar mandar"
755,"pronto falei existe twitter falar kkkkk"
756,"penso tweets fazer twitter mudar internet consigo internet esqueci tudo"
757,"sobre seguir seguir"
758,"sai insta vem twitter ver"
759,"acho melhor gente twitter fazer cada"
760,"olha cara vem twitter falar tava hora sair"
761,"vindo twitter falar coisas olha"
762,"desse twitter ficar"
763,"vir twitter ver sobre jogo"
764,"twitter existir ir coisas tudo ainda todo mundo"
765,"venho twitter falar coisas legais reclamar"
766,"oq fazer falar merda twitter falar merda twitter falar merda twitter"
767,"falando tanto quanto homem ver vim"
768,"ver facebook ver instagram ver twitter ver whatsapp celular"
769,"melhor forma sentir triste vir twitter ver pessoas"
770,"ir tirar olhar"
771,"manda twitter fazer please"
772,"gente boa queria ser amiga conversar todos dias fazer twitter falar sobre tudo"
773,"ta vir twitter fazer sobre"
774,"bom"
775,"boa ver vir twitter ver"
776,"sim mundo ter falar"
777,"sonho ser twitter ter bom dizer"
778,"preparando psicologicamente twitter falar horas dia bbb"
779,"dando tanta kkkkkkk sempre amiga sempre agr"
780,"gente vem twitter falar todo mundo todas pessoas todos"
781,"sei gente ter vem twitter dar"
782,"colocar twitter deixar conversar novo"
783,"mexer twitter ver ver ver tentar agr jogar vida resumida"
784,"vim twitter ver memes enem"
785,"pessoa segue vir twitter ver posto ser sei"
786,"insta wpp"
787,"vi entrando site enem vim twitter ver memes kkk"
788,"twitter ficar amor agr ver wpp falta celular"
789,"sociais sempre obrigado pedir twitter fazer"
790,"consigo entrar site venho twitter ver tweets sobre enem"
791,"mil coisas fazer pessoa vim twitter ver memes sobre enem"
792,"assim ainda vir twitter falar"
793,"segue vem twitter fazer tomar"
794,"claro vim twitter ver memes enem sei gente"
795,"medo vem twitter ver tag ver"
796,"venho aqui twitter falar sozinha"
797,"acordei tava"
798,"veio twitter falar merda kkkkkkkkk pouco"
799,"twitter dar favor"
800,"mano bosta vir twitter ver pena"
801,"saudades mexer twitter fazer amigos outro lado"
802,sozinha
803,"bom"
804,"todo mundo vir twitter falar sozinha"
805,"todo mundo vir twitter falar sozinha"
806,"achei ia ia ver twitter fazer tipo coisa"
807,"boa noite vem twitter ver sinto fotos"
808,"pensar chegar tempo entrar twitter ficar aqui madrugada tudo"
809,"dia twitter falar bem mim ficar"
810,"bom"
811,"desse povo ficar vindo aqui twitter ficar vendo falo"
812,"achei algo importante fazer vir twitter falar"
813,"vem aqui twitter ver amor"
814,"causa todo"
815,"galera boa enem vir aqui twitter ficar viu vamo"
816,"sigo todos volta twitter deixar"
817,"coisa faz vim twitter falar"
818,"quero galera vim aqui twitter falar"
819,"tudo igual dps aqui twitter falar quer homem bom"
820,"motivo twitter querer"
821,"agora twitter ver"
822,"normal gente nunca entrar twitter deixar fazer"
823,"vem twitter ver postar stories"
824,"fez merda ainda vir twitter fazer"
825,"dia dia todo vindo aqui twitter falar oque comigo reclamando falando triste"
826,"pode twitter falar tanta bosta"
827,"tipo criar conta pessoal twitter seguir conversar nada maioria diz tao"
828,"saudades chegar entrar twitter ver ficar"
829,"gente twitter fazer whatsapp gente"
830,"tava tava"
831,"deixar mundo vir"
832,"venho twitter ver madrugada lembro"
833,"venho twitter falar deve ser sei aqui ta"
834,"dizer fazer todas"
835,"xingar twitter fazer chamar"
836,"sei bem fala nada deixa twitter ficar sai todo mundo ver"
837,"normal todas whatsapp vir aqui twitter falar gosta"
838,"fechar twitter entrar whatsapp ver todas fechar whatsapp abrir twitter"
839,"sigo desde discurso sobre twitter ter muitos daqui tempo site etc"
840,"twitter falar tudo oq consigo dizer"
841,"diz vim twitter ver oque posto rs"
842,"ver twitter fazer"
843,"perceber twitter falar tudo passa vida antes"
844,"porra ainda fica vindo twitter falar quer oq"
845,"criar novo twitter apagar bom acho"
846,"odeio vem twitter falar vida ta boa feliz gente twitter gente vida"
847,"twitter ter site"
848,"qualquer forma twitter fazer"
849,"twitter porra oq acontece aq"
850,"twitter falar sozinha outros gente alheia"
851,"tentar usar twitter falar pouco coisas comigo foto xd"
852,"queria desse twitter falar mim"
853,"votar"
854,"gente povo twitter entrar"
855,"meio twitter ver"
856,"quero muitos terra twitter falar outra rede social"
857,"favor ir coisas antes vir twitter falar ganhar outros"
858,"twitter ver"
859,"vem twitter falar merda"
860,"veio twitter falar sabia jogar"
861,"importante votar tag twitter fazer votar tempo"
862,"pode excluir facebook wpp dar insta twitter apagar fotos"
863,"medo twitter ficar"
864,"dormir consegue vem twitter falar dormir"
865,"chegou follow li fiquei pensando twitter falar"
866,"agora twitter falar"
867,"pessoas vim twitter dar moral vida vezes quiser vida"
868,"ruim twitter ficar pode aqui todo mundo saber ai"
869,"twitter ver"
870,"dar aqui mana uso celular mexer twitter falar"
871,"ajudar twitter entrar hahaha"
872,"vamo todo mundo twitter fazer ver quanto tempo cai site"
873,"prefiro ter seguidores seguir pouco seguir gente ser twitter ficar t"
874,"melhor dizendo t"
875,"tbm sabia twitter falar ai tempo assim"
876,"vem aqui twitter dar moral gente"
877,"demais twitter seguir melhor"
878,"chato putaria aqui tt mundo quer ver pronto twitter fazer oq"
879,"twitter dar todo"
880,"olhar twitter existir"
881,"pedir twitter dar twitter oficial"
882,"bom"
883,"odeio tipo pessoa escolhe ser escolhe vir twitter falar escolhe mandar motivo"
884,"vem twitter falar merda vem"
885,"vem twitter falar merda deixa gente cada vez perto"
886,"army enquanto respondeu iria f"
887,"la acha ficar sao ser"
888,"pior ainda meter realmente tristes"
889,"venho twitter ter"
890,"sabia vindo twitter saber"
891,"vim twitter falar alguma coisa oq kkk"
892,"triste fico venho twitter falar merda pessoa mesma forma"
893,"quais sao ficar twitter fazer acho"
894,"posta twitter ter putaria kkkk kkk"
895,"fazer twitter entrar"
896,"vim twitter dar"
897,"todo amor pessoa outro ai twitter falar ama"
898,"aqui fez tudo causa veio homem"
899,"twitter falar besteira chato fazer outra rede social"
900,"aguardando lado twitter fazer sobre tomar"
901,"vim aqui twitter fazer alguma coisa esqueci odeio ser coisa tudo"
902,"merda pessoas twitter fazer"
903,"twitter usar"
904,"fico sabem merda twitter fazer pa"
905,"pessoa magoa venham twitter dar"
906,"menor fica deve ser maior ver posta twitter ficar"
907,"chorar twitter falar perder amor ter magoa"
908,"vim twitter ver faz"
909,"entrar twitter ver tag avril please come back ver fandom todo"
910,"bom povo twitter ver quais"
911,"tbm pior venho twitter falar monte coisa triste"
912,"bom"
913,"nome jesus twitter ter pode ter"
914,"aguardando twitter ficar legal hoje"
915,"toda noite antes dormir venho twitter dar olhada queria olhar"
916,"fala famoso twitter ficar"
917,"parece acha fazer"
918,"ser bom uso wpp fb twitter"
919,"real desde duas semanas twitter"
920,"paulo cruzeiro cruzeiro paulo sabe"
921,"ver meme falar merda"
922,"vamo tentar fazer bastante twitter fazer avril please come back"
923,"queria parar twitter entrar ver tempo gosto sentir"
924,"quero excluir facebook twitter ficar celular quer"
925,"passou dia vez estado hoje tempo"
926,"dizer fazer faz twitter falar"
927,"aviso face seguindo seguidores aqui twitter ter"
928,"amo twitter dar saco"
929,"bem outros fazem virem"
930,"faz agora veio twitter falar colega"
931,"preparando psicologicamente paulo ver twitter ficar porque"
932,"nunca vi aqui twitter falar iria show msm coitada"
933,"rapaz anos fazer nada twitter ver"
934,"sobre forma posso entender disso"
935,"david twitter antes twitter existir"
936,"gente pode amar assim vem twitter ficar"
937,"twitter apagar parar seguir facebook melhor esquecer"
938,"foda hoje dia dar logo vem twitter querer errado"
939,"entrar twitter ficar tml abrir dm tml dormir abrir dm horas dps"
940,"cara vontade ir cara cara"
941,"acho sei oq sei"
942,"tudo vi estado whatsapp sentido terra vim twitter saber verdade"
943,"olha fez twitter fazer"
944,"vejo hora twitter ficar"
945,"entrar twitter sair twitter entrar instagram sair instagram entrar twitter sair twitter"
946,"parece todo mundo ta lembro d maioria twitter ter anos agora c"
947,"vim twitter ver sentido d terra obrigado"
948,"nada vir twitter ver"
949,"ai sei falando twitter falar sozinha"
950,"respeito veio twitter falar mal veio lugar errado"
951,"vindo aqui casa foto vim twitter falar gente david t"
952,"respeito veio twitter falar mal camila veio lugar errado"
953,"linda fazer tw"
954,"dessa classe enquanto classe acorda meio dia pega"
955,"twitter coitada ver"
956,"vim twitter falar sono fazer dormir"
957,"medo dia gente verdade achar aqui twitter ver ler tudo falo"
958,"obrigada meninas twitter ter"
959,"sabem twitter apagar t"
960,"madrugada merda vamo twitter falar bosta"
961,"vim twitter fazer drama"
962,"nada globo fico entender ir twitter ver kkkkkkk"
963,"cria ai dormir esquecer sono vem twitter falar c"
964,"pai twitter ficar"
965,"militante twitter fazer podia"
966,"posto toda vida twitter fazer oq"
967,"tava medo tava vim twitter dar cheguei coisa bastante viu"
968,"vim aqui twitter ver"
969,"vir twitter falar disso meter fotos deixar pior pensar fogo"
970,"twitter saber"
971,"celular faz twitter ficar tweet"
972,"twitter kkk bosta"
973,"wpp vem twitter falar conversar"
974,"ainda vem twitter falar passou"
975,"triste virem twitter falar mal"
976,"sim mana vejo monte coisas maioria verdade corro twitter ver f"
977,"falta vir aqui twitter fazer reclamando"
978,"quero terminar ver algum anime escrever ficar twitter fazer ler algum ver"
979,"amor mto obrigada twitter ter"
980,"tudo seguidores follow antes twitter fazer"
981,"globo quero bastante pessoal twitter poder fazer novos memes"
982,"escrever twitter"
983,"ter vir twitter falar sobre tanta coisa ver"
984,"twitter dar show"
985,"pode excluir snap parar seguir twitter apagar fotos pessoa rua"
986,"gosta poder colocar fogo fogo vi"
987,"seguidores twitter mudar bastante"
988,"twitter fazer bem olhar divulgar ai gente obrigado"
989,"entendo povo vem twitter fazer bem aqui twitter aqui terra regras"
990,"melhor tudo vim twitter ver povo"
991,"acho tomar outro nunca vim aqui twitter falar"
992,"vejo corro twitter ver meme"
993,"postou video todo twitter ver"
994,"ai odeio entrar twitter ver army dando tirar ficar"
995,"virem twitter dar piada"
996,"twitter dar sobre vida outros"
997,"mexer celular manda tweet perguntando oque fazer pessoas twitter t"
998,"twitter poder ser melhor lugar bbb tempo lugar tudo"
999,"acordei mal vim twitter ver tbm kkk"
1000,"deixar coisa bem fala sobre ser morto cai gosto"
1001,"vir aqui twitter falar merda"
1002,"falar boa noite celular penso abro"
1003,"pessoas twitter fazer mandar"
1004,"aqui todos twitter ver"
1005,"sim fico ver chegou algo c"
1006,"sim sim vez tava tanta vi mto gente aq tw"
1007,"chegou madrugada vim xingar pessoa segue aqui twitter"
1008,"venho twitter ver chorar causa namoro gente falando namoro triste"
1009,"vem twitter falar comigo"
1010,"conversa venho twitter falar sozinha kkk"
1011,"twitter ficar twitter"
1012,"whatsapp podia parar twitter ficar"
1013,"cu venho twitter falar"
1014,"dps wpp twitter ficar morto"
1015,"acha normal criar twitter ficar postando tweets outros sentir v"
1016,"tempos tempos vir twitter falar and"
1017,"aviso vir aqui twitter ver postou algo porque"
1018,"vezes venho twitter dar discurso vamo cara"
1019,"coisa estar twitter querer ir outra fechar twitter"
1020,"vim twitter ver saiu nada perdi saiu"
1021,"outro twitter fazer talvez dias vida rs"
1022,"vim aqui twitter ver coisas sobre novela acabar perder"
1023,"boa noite segunda chance poder dessa pessoa"
1024,"aqui pensando redes vida alheia ficar vendo"
1025,"obrigado abrir twitter ver tag dizendo melhor anime"
1026,"adoro estar twitter ver indiretas perceber tudo"
1027,"vim twitter ver of"
1028,"vim twitter ver tweet famoso"
1029,"pai disse dar iphone fazer igual colega twitter ficar indignada min"
1030,"entrar vinha twitter fazer piada"
1031,"ver entrar twitter ver tanto ver tag"
1032,"link grupo flores desse twitter entrar jardim"
1033,"dou minutos vir twitter falar"
1034,"final eibar"
1035,"final eibar"
1036,"tomar cu vem twitter saber vida outros"
1037,"vejo twitter falar sobre hoje aqui sala"
1038,"ent twitter fazer"
1039,"descanso eibar"
1040,"descanso eibar"
1041,"bem daquelas ver alguma coisa twitter ficar querer vamo"
1042,"link grupo flores desse twitter entrar jardim"
1043,"virem twitter fazer merda acabar"
1044,"nova modinha twitter falar merda trancar conta aguenta"
1045,"odeio gente twitter ficar usando twitter"
1046,"acho sobre sentir favor"
1047,"queria dizer linda cria canal youtube porque aguento vim twitter ver"
1048,"falar twitter parece legal"
1049,"daqui pouco pedir twitter fazer sobre tanto nessa rede social"
1050,"vim twitter falar divulgar"
1051,"preciso colocar ta ver t"
1052,"gente vem twitter falar mau outros rua dois menor"
1053,"vontade criar canal youtube ficar twitter ficar famoso"
1054,"acho aparecer porque twitter achar mau"
1055,"tentar explicar acordei madrugada vir aqui twitter saber"
1056,"saudade casa vinha twitter fazer"
1057,"venho twitter ver algo perdi"
1058,"outra rede social nada twitter falar igual sozinha kkkkkkk"
1059,"lugar chamar amar melhor outro"
1060,"dar olhada twitter achar tristes sair chorando tomar cu"
1061,"tanto twitter falar disso agr bb"
1062,"kkkkkk chama nada fazer twitter falar merda"
1063,"quero twitter ficar falando merda dia todo aqui prefiro vida real porra maior"
1064,"mina coreia outro grupo vem pessoas twitter falar todo fandom cara"
1065,"tanta vergonha daquelas mal vontade excluir twitter entrar nunca sair"
1066,"ir twitter falar mal ti mal sabe falei mal"
1067,"aqui twitter falar quanto"
1068,"vim aqui twitter fazer algo esqueci"
1069,"venho twitter falar merda"
1070,"lembro vez camila veio twitter falar tava chorando dias causa"
1071,"ver anime olha jogo quer jogar ver video olha stts whatsapp stts whatsapp"
1072,"sono quero dormir adoro passar tempo twitter dar pessoa"
1073,"todos"
1074,"nada melhor fazer vim aqui twitter falar sozinha"
1075,"ficar twitter deixar pessoas d mim"
1076,"triste abrir twitter ver galerinha conversando super c outra galerinha perceber sozinha"
1077,"dias vi tweet sobre twitter ter pessoas falando nada gente"
1078,"obrigado"
1079,"twitter fazer anda pronto"
1080,"bom poder vir twitter falar sozinha"
1081,"faz coisa melhor vem twitter falar"
1082,"assim curso duas twitter"
1083,"ser army apenas seguir twitter achar legais ser army madrugada causa c"
1084,"ter"
1085,"achei ia ficar tempo twitter fazer dia terminar po"
1086,"vindo twitter falar"
1087,"fazer sabe conta twitter ficar"
1088,"bom ver pessoa disse tava querendo chamar aqui twitter ficar querendo chama"
1089,"agora sei twitter usar"
1090,"pessoa ta conversando comigo vem twitter falar queria conversar todos dias bla bla bla"
1091,"pergunta"
1092,"vida resumida fazer twitter twitter fazer outro twitter"
1093,"venho olhar twitter ficar olhando lindo kkkk"
1094,"abrir twitter ver fala todas fechar twitter"
1095,"facebook twitter ficar pegar"
1096,"vem twitter fazer vergonha"
1097,"entro twitter ficar ruim"
1098,"agora twitter usar"
1099,"galera vir twitter falar bosta jesus"
1100,"entender facebook twitter ter mil youtube"
1101,"sim sei todos fico indignada amigos amo virem aqui t"
1102,"galera vir twitter falar fica todas redes sociais coisas"
1103,"dar tarde coreia ai ver"
1104,"pior coisa pessoa terminar vir twitter falar mal"
1105,"vontade apagar twitter apagar facebook apagar whatsapp apagar desse mundo"
1106,"porque frases insta stories tipo venham twitter fazer"
1107,"dar aqui mana uso celular mexer twitter falar"
1108,"ajudar twitter entrar hahaha"
1109,"vamo todo mundo twitter fazer ver quanto tempo cai site"
1110,"prefiro ter seguidores seguir pouco seguir gente ser twitter ficar t"
1111,"melhor dizendo t"
1112,"gente boa noite venho twitter poder ter seguidores"
1113,"vem aqui twitter dar moral gente"
1114,"demais twitter seguir melhor"
1115,"chato putaria aqui tt mundo quer ver pronto twitter fazer oq"
1116,"twitter dar todo"
1117,"olhar twitter existir"
1118,"pedir twitter dar twitter oficial"
1119,"odeio tipo pessoa escolhe ser escolhe vir twitter falar escolhe mandar motivo"
1120,"vem twitter falar merda vem"
1121,"vem twitter falar merda deixa gente cada vez perto"
1122,"army enquanto respondeu iria f"
1123,"la acha ficar sao ser"
1124,"pior ainda meter realmente tristes"
1125,"venho twitter ter"
1126,"sabia vindo twitter saber"
1127,"vim twitter falar alguma coisa oq kkk"
1128,"triste fico venho twitter falar merda pessoa mesma forma"
1129,"quais sao ficar twitter fazer acho"
1130,"posta twitter ter putaria kkkk kkk"
1131,"fazer twitter entrar"
1132,"vim twitter dar"
1133,"todo amor pessoa outro ai twitter falar ama"
1134,"aqui fez tudo causa veio homem"
1135,"twitter falar besteira chato fazer outra rede social"
1136,"aguardando lado twitter fazer sobre tomar"
1137,"vim aqui twitter fazer alguma coisa esqueci odeio ser coisa tudo"
1138,"merda pessoas twitter fazer"
1139,"twitter usar"
1140,"fico sabem merda twitter fazer pa"
1141,"pessoa magoa venham twitter dar"
1142,"menor fica deve ser maior ver posta twitter ficar"
1143,"chorar twitter falar perder amor ter magoa"
1144,"vim twitter ver faz"
1145,"entrar twitter ver tag avril please come back ver fandom todo"
1146,"bom povo twitter ver quais"
1147,"tbm pior venho twitter falar monte coisa triste"
1148,"bom"
1149,"nome jesus twitter ter pode ter"
1150,"aguardando twitter ficar legal hoje"
1151,"toda noite antes dormir venho twitter dar olhada queria olhar"
1152,"fala famoso twitter ficar"
1153,"parece acha fazer"
1154,"ser bom uso wpp fb twitter"
1155,"real desde duas semanas twitter"
1156,"paulo cruzeiro cruzeiro paulo sabe"
1157,"ver meme falar merda"
1158,"vamo tentar fazer bastante twitter fazer avril please come back"
1159,"queria parar twitter entrar ver tempo gosto sentir"
1160,"quero excluir facebook twitter ficar celular quer"
1161,"passou dia vez estado hoje tempo"
1162,"dizer fazer faz twitter falar"
1163,"aviso face seguindo seguidores aqui twitter ter"
1164,"amo twitter dar saco"
1165,"bem outros fazem virem"
1166,"faz agora veio twitter falar colega"
1167,"preparando psicologicamente paulo ver twitter ficar porque"
1168,"nunca vi aqui twitter falar iria show msm coitada"
1169,"rapaz anos fazer nada twitter ver"
1170,"sobre forma posso entender disso"
1171,"david twitter antes twitter existir"
1172,"gente pode amar assim vem twitter ficar"
1173,"twitter apagar parar seguir facebook melhor esquecer"
1174,"foda hoje dia dar logo vem twitter querer errado"
1175,"entrar twitter ficar tml abrir dm tml dormir abrir dm horas dps"
1176,"cara vontade ir cara cara"
1177,"acho sei oq sei"
1178,"tudo vi estado whatsapp sentido terra vim twitter saber verdade"
1179,"olha fez twitter fazer"
1180,"vejo hora twitter ficar"
1181,"entrar twitter sair twitter entrar instagram sair instagram entrar twitter sair twitter"
1182,"parece todo mundo ta lembro d maioria twitter ter anos agora c"
1183,"vim twitter ver sentido d terra obrigado"
1184,"nada vir twitter ver"
1185,"ai sei falando twitter falar sozinha"
1186,"respeito veio twitter falar mal veio lugar errado"
1187,"vindo aqui casa foto vim twitter falar gente david t"
1188,"respeito veio twitter falar mal camila veio lugar errado"
1189,"linda fazer tw"
1190,"dessa classe enquanto classe acorda meio dia pega"
1191,"twitter coitada ver"
1192,"vim twitter falar sono fazer dormir"
1193,"medo dia gente verdade achar aqui twitter ver ler tudo falo"
1194,"obrigada meninas twitter ter"
1195,"sabem twitter apagar t"
1196,"madrugada merda vamo twitter falar bosta"
1197,"vim twitter fazer drama"
1198,"nada globo fico entender ir twitter ver kkkkkkk"
1199,"cria ai dormir esquecer sono vem twitter falar c"
1200,"pai twitter ficar"
1201,"militante twitter fazer podia"
1202,"posto toda vida twitter fazer oq"
1203,"tava medo tava vim twitter dar cheguei coisa bastante viu"
1204,"vim aqui twitter ver"
1205,"vir twitter falar disso meter fotos deixar pior pensar fogo"
1206,"twitter saber"
1207,"celular faz twitter ficar tweet"
1208,"twitter kkk bosta"
1209,"wpp vem twitter falar conversar"
1210,"ainda vem twitter falar passou"
1211,"triste virem twitter falar mal"
1212,"sim mana vejo monte coisas maioria verdade corro twitter ver f"
1213,"falta vir aqui twitter fazer reclamando"
1214,"quero terminar ver algum anime escrever ficar twitter fazer ler algum ver"
1215,"amor mto obrigada twitter ter"
1216,"tudo seguidores follow antes twitter fazer"
1217,"globo quero bastante pessoal twitter poder fazer novos memes"
1218,"ter vir twitter falar sobre tanta coisa ver"
1219,"twitter dar show"
1220,"pode excluir snap parar seguir twitter apagar fotos pessoa rua"
1221,"gosta poder colocar fogo fogo vi"
1222,"seguidores twitter mudar bastante"
1223,"twitter fazer bem olhar divulgar ai gente obrigado"
1224,"entendo povo vem twitter fazer bem aqui twitter aqui terra regras"
1225,"melhor tudo vim twitter ver povo"
1226,"acho tomar outro nunca vim aqui twitter falar"
1227,"vejo corro twitter ver meme"
1228,"postou video todo twitter ver"
1229,"ai odeio entrar twitter ver army dando tirar ficar"
1230,"virem twitter dar piada"
1231,"twitter dar sobre vida outros"
1232,"mexer celular manda tweet perguntando oque fazer pessoas twitter t"
1233,"twitter poder ser melhor lugar bbb tempo lugar tudo"
1234,"acordei mal vim twitter ver tbm kkk"
1235,"deixar coisa bem fala sobre ser morto cai gosto"
1236,"vir aqui twitter falar merda"
1237,"falar boa noite celular penso abro"
1238,"pessoas twitter fazer mandar"
1239,"aqui todos twitter ver"
1240,"sim fico ver chegou algo c"
1241,"sim sim vez tava tanta vi mto gente aq tw"
1242,"chegou madrugada vim xingar pessoa segue aqui twitter"
1243,"venho twitter ver chorar causa namoro gente falando namoro triste"
1244,"vem twitter falar comigo"
1245,"conversa venho twitter falar sozinha kkk"
1246,"twitter ficar twitter"
1247,"whatsapp podia parar twitter ficar"
1248,"cu venho twitter falar"
1249,"dps wpp twitter ficar morto"
1250,"acha normal criar twitter ficar postando tweets outros sentir v"
1251,"tempos tempos vir twitter falar and"
1252,"aviso vir aqui twitter ver postou algo porque"
1253,"vezes venho twitter dar discurso vamo cara"
1254,"coisa estar twitter querer ir outra fechar twitter"
1255,"vim twitter ver saiu nada perdi saiu"
1256,"outro twitter fazer talvez dias vida rs"
1257,"vim aqui twitter ver coisas sobre novela acabar perder"
1258,"boa noite segunda chance poder dessa pessoa"
1259,"aqui pensando redes vida alheia ficar vendo"
1260,"obrigado abrir twitter ver tag dizendo melhor anime"
1261,"adoro estar twitter ver indiretas perceber tudo"
1262,"vim twitter ver of"
1263,"vim twitter ver tweet famoso"
1264,"pai disse dar iphone fazer igual colega twitter ficar indignada min"
1265,"entrar vinha twitter fazer piada"
1266,"ver entrar twitter ver tanto ver tag"
1267,"link grupo flores desse twitter entrar jardim"
1268,"dou minutos vir twitter falar"
1269,"final eibar"
1270,"final eibar"
1271,"tomar cu vem twitter saber vida outros"
1272,"vejo twitter falar sobre hoje aqui sala"
1273,"ent twitter fazer"
1274,"descanso eibar"
1275,"descanso eibar"
1276,"bem daquelas ver alguma coisa twitter ficar querer vamo"
1277,"link grupo flores desse twitter entrar jardim"
1278,"virem twitter fazer merda acabar"
1279,"nova modinha twitter falar merda trancar conta aguenta"
1280,"odeio gente twitter ficar usando twitter"
1281,"acho sobre sentir favor"
1282,"queria dizer linda cria canal youtube porque aguento vim twitter ver"
1283,"falar twitter parece legal"
1284,"daqui pouco pedir twitter fazer sobre tanto nessa rede social"
1285,"vim twitter falar divulgar"
1286,"preciso colocar ta ver t"
1287,"gente vem twitter falar mau outros rua dois menor"
1288,"acho aparecer porque twitter achar mau"
1289,"tentar explicar acordei madrugada vir aqui twitter saber"
1290,"saudade casa vinha twitter fazer"
1291,"venho twitter ver algo perdi"
1292,"outra rede social nada twitter falar igual sozinha kkkkkkk"
1293,"lugar chamar amar melhor outro"
1294,"dar olhada twitter achar tristes sair chorando tomar cu"
1295,"tanto twitter falar disso agr bb"
1296,"kkkkkk chama nada fazer twitter falar merda"
1297,"quero twitter ficar falando merda dia todo aqui prefiro vida real porra maior"
1298,"mina coreia outro grupo vem pessoas twitter falar todo fandom cara"
1299,"tanta vergonha daquelas mal vontade excluir twitter entrar nunca sair"
1300,"ir twitter falar mal ti mal sabe falei mal"
1301,"aqui twitter falar quanto"
1302,"vim aqui twitter fazer algo esqueci"
1303,"venho twitter falar merda"
1304,"passou hora twitter ter porque"
1305,"lembro vez camila veio twitter falar tava chorando dias causa"
1306,"ver anime olha jogo quer jogar ver video olha stts whatsapp stts whatsapp"
1307,"sono quero dormir adoro passar tempo twitter dar pessoa"
1308,"todos"
1309,"nada melhor fazer vim aqui twitter falar sozinha"
1310,"ficar twitter deixar pessoas d mim"
1311,"triste abrir twitter ver galerinha conversando super c outra galerinha perceber sozinha"
1312,"dias vi tweet sobre twitter ter pessoas falando nada gente"
1313,"obrigado"
1314,"twitter fazer anda pronto"
1315,"bom poder vir twitter falar sozinha"
1316,"faz coisa melhor vem twitter falar"
1317,"assim curso duas twitter"
1318,"ser army apenas seguir twitter achar legais ser army madrugada causa c"
1319,"ter"
1320,"achei ia ficar tempo twitter fazer dia terminar po"
1321,"vindo twitter falar"
1322,"fazer sabe conta twitter ficar"
1323,"bom ver pessoa disse tava querendo chamar aqui twitter ficar querendo chama"
1324,"agora sei twitter usar"
1325,"pessoa ta conversando comigo vem twitter falar queria conversar todos dias bla bla bla"
1326,"pergunta"
1327,"vida resumida fazer twitter twitter fazer outro twitter"
1328,"venho olhar twitter ficar olhando lindo kkkk"
1329,"abrir twitter ver fala todas fechar twitter"
1330,"facebook twitter ficar pegar"
1331,"vem twitter fazer vergonha"
1332,"entro twitter ficar ruim"
1333,"agora twitter usar"
